Title,Links
"India stands in solidarity with Israel at this difficult hour, says PM Modi after Hamas attack",https://timesofindia.indiatimes.com/india/stand-in-solidarity-with-israel-at-this-difficult-hour-pm-modi/articleshow/104241034.cms
PM Modi reviews progress of announcements made in his Red Fort speech,https://timesofindia.indiatimes.com/india/pm-modi-chairs-meeting-to-review-steps-for-implementation-of-independence-day-announcements/articleshow/104237612.cms
Israel-Palestine conflict: India issues advisory for its nationals in Israel,https://timesofindia.indiatimes.com/india/israel-palestine-conflict-india-issues-advisory-for-its-nationals-in-israel/articleshow/104236885.cms
"India stands in solidarity with Israel at this difficult hour, says PM Modi after Hamas attack",https://timesofindia.indiatimes.com/india/stand-in-solidarity-with-israel-at-this-difficult-hour-pm-modi/articleshow/104241034.cms
PM Modi reviews progress of announcements made in his Red Fort speech,https://timesofindia.indiatimes.com/india/pm-modi-chairs-meeting-to-review-steps-for-implementation-of-independence-day-announcements/articleshow/104237612.cms
Israel-Palestine conflict: India issues advisory for its nationals in Israel,https://timesofindia.indiatimes.com/india/israel-palestine-conflict-india-issues-advisory-for-its-nationals-in-israel/articleshow/104236885.cms
