Links
h,t,t,p,s,:,/,/,t,i,m,e,s,o,f,i,n,d,i,a,.,i,n,d,i,a,t,i,m,e,s,.,c,o,m,/
h,t,t,p,s,:,/,/,t,i,m,e,s,o,f,i,n,d,i,a,.,i,n,d,i,a,t,i,m,e,s,.,c,o,m,/,u,s
h,t,t,p,s,:,/,/,t,i,m,e,s,o,f,i,n,d,i,a,.,i,n,d,i,a,t,i,m,e,s,.,c,o,m
h,t,t,p,s,:,/,/,t,i,m,e,s,o,f,i,n,d,i,a,.,i,n,d,i,a,t,i,m,e,s,.,c,o,m,/
h,t,t,p,s,:,/,/,t,i,m,e,s,o,f,i,n,d,i,a,.,i,n,d,i,a,t,i,m,e,s,.,c,o,m,/,e,x,p,l,a,i,n,e,r,s
h,t,t,p,s,:,/,/,t,i,m,e,s,o,f,i,n,d,i,a,.,i,n,d,i,a,t,i,m,e,s,.,c,o,m,/,e,x,p,l,a,i,n,e,r,s,/,i,n,d,i,a
h,t,t,p,s,:,/,/,t,i,m,e,s,o,f,i,n,d,i,a,.,i,n,d,i,a,t,i,m,e,s,.,c,o,m,/,e,x,p,l,a,i,n,e,r,s,/,w,o,r,l,d
h,t,t,p,s,:,/,/,t,i,m,e,s,o,f,i,n,d,i,a,.,i,n,d,i,a,t,i,m,e,s,.,c,o,m,/,e,x,p,l,a,i,n,e,r,s,/,h,e,a,l,t,h
h,t,t,p,s,:,/,/,t,i,m,e,s,o,f,i,n,d,i,a,.,i,n,d,i,a,t,i,m,e,s,.,c,o,m,/,e,x,p,l,a,i,n,e,r,s,/,b,u,s,i,n,e,s,s
h,t,t,p,s,:,/,/,t,i,m,e,s,o,f,i,n,d,i,a,.,i,n,d,i,a,t,i,m,e,s,.,c,o,m,/,e,x,p,l,a,i,n,e,r,s,/,g,a,d,g,e,t,s
h,t,t,p,s,:,/,/,t,i,m,e,s,o,f,i,n,d,i,a,.,i,n,d,i,a,t,i,m,e,s,.,c,o,m,/,e,x,p,l,a,i,n,e,r,s,/,s,p,o,r,t,s
h,t,t,p,s,:,/,/,t,i,m,e,s,o,f,i,n,d,i,a,.,i,n,d,i,a,t,i,m,e,s,.,c,o,m,/
h,t,t,p,s,:,/,/,t,i,m,e,s,o,f,i,n,d,i,a,.,i,n,d,i,a,t,i,m,e,s,.,c,o,m,/,e,x,p,l,a,i,n,e,r,s
h,t,t,p,s,:,/,/,t,i,m,e,s,o,f,i,n,d,i,a,.,i,n,d,i,a,t,i,m,e,s,.,c,o,m,/,l,i,f,e,-,s,t,y,l,e,/,h,e,a,l,t,h,-,f,i,t,n,e,s,s,/,h,e,a,l,t,h,-,n,e,w,s,/,m,a,g,n,e,s,i,u,m,-,d,e,f,i,c,i,e,n,c,y,-,1,0,-,s,i,g,n,s,-,t,h,a,t,-,i,n,d,i,c,a,t,e,-,l,o,w,-,l,e,v,e,l,s,-,o,f,-,m,a,g,n,e,s,i,u,m,-,m,i,n,e,r,a,l,-,i,n,-,t,h,e,-,b,o,d,y,/,p,h,o,t,o,s,t,o,r,y,/,1,0,4,3,6,5,5,3,1,.,c,m,s
h,t,t,p,s,:,/,/,t,i,m,e,s,o,f,i,n,d,i,a,.,i,n,d,i,a,t,i,m,e,s,.,c,o,m,/,l,i,f,e,-,s,t,y,l,e,/,h,e,a,l,t,h,-,f,i,t,n,e,s,s,/,h,e,a,l,t,h,-,n,e,w,s,/,a,r,e,-,y,o,u,-,t,a,k,i,n,g,-,g,o,o,d,-,c,a,r,e,-,o,f,-,y,o,u,r,-,l,i,v,e,r,-,s,i,g,n,s,-,t,h,a,t,-,s,a,y,-,y,o,u,-,d,o,n,t,/,p,h,o,t,o,s,t,o,r,y,/,1,0,4,3,1,3,4,5,2,.,c,m,s
h,t,t,p,s,:,/,/,t,i,m,e,s,o,f,i,n,d,i,a,.,i,n,d,i,a,t,i,m,e,s,.,c,o,m,/,l,i,f,e,-,s,t,y,l,e,/,h,e,a,l,t,h,-,f,i,t,n,e,s,s,/,d,e,-,s,t,r,e,s,s,/,e,a,r,l,y,-,s,y,m,p,t,o,m,s,-,o,f,-,d,e,m,e,n,t,i,a,-,t,h,a,t,-,a,r,e,-,o,f,t,e,n,-,i,g,n,o,r,e,d,-,a,s,-,s,i,g,n,s,-,o,f,-,o,l,d,-,a,g,e,/,p,h,o,t,o,s,t,o,r,y,/,1,0,4,3,3,4,7,5,4,.,c,m,s
h,t,t,p,s,:,/,/,t,i,m,e,s,o,f,i,n,d,i,a,.,i,n,d,i,a,t,i,m,e,s,.,c,o,m,/,i,n,d,i,a,/,h,o,w,-,p,u,n,j,a,b,-,i,s,-,f,a,c,i,n,g,-,i,t,s,-,k,a,r,n,a,t,a,k,a,-,m,o,m,e,n,t,-,o,v,e,r,-,w,a,t,e,r,-,s,h,a,r,i,n,g,-,p,a,c,t,/,a,r,t,i,c,l,e,s,h,o,w,/,1,0,4,3,3,8,7,7,8,.,c,m,s
h,t,t,p,s,:,/,/,t,i,m,e,s,o,f,i,n,d,i,a,.,i,n,d,i,a,t,i,m,e,s,.,c,o,m,/,s,p,o,r,t,s,/,c,r,i,c,k,e,t,/,i,n,d,i,a,-,v,s,-,p,a,k,i,s,t,a,n,-,i,c,c,-,w,o,r,l,d,-,c,u,p,-,2,0,2,3,-,l,i,v,e,-,s,c,o,r,e,-,u,p,d,a,t,e,s,-,f,r,o,m,-,a,h,m,e,d,a,b,a,d,/,l,i,v,e,b,l,o,g,/,1,0,4,4,1,4,7,1,0,.,c,m,s
h,t,t,p,s,:,/,/,t,i,m,e,s,o,f,i,n,d,i,a,.,i,n,d,i,a,t,i,m,e,s,.,c,o,m,/,s,p,o,r,t,s,/,c,r,i,c,k,e,t,/,i,c,c,-,w,o,r,l,d,-,c,u,p,/,n,e,w,s,/,i,n,d,i,a,-,v,s,-,p,a,k,i,s,t,a,n,-,a,h,m,e,d,a,b,a,d,-,w,e,a,t,h,e,r,-,w,h,a,t,-,i,s,-,i,m,d,s,-,f,o,r,e,c,a,s,t,-,f,o,r,-,t,h,e,-,m,a,t,c,h,-,d,a,y,/,a,r,t,i,c,l,e,s,h,o,w,/,1,0,4,4,0,4,2,9,9,.,c,m,s
h,t,t,p,s,:,/,/,t,i,m,e,s,o,f,i,n,d,i,a,.,i,n,d,i,a,t,i,m,e,s,.,c,o,m,/,s,p,o,r,t,s,/,c,r,i,c,k,e,t,/,i,n,d,i,a,-,v,s,-,p,a,k,i,s,t,a,n,-,i,c,c,-,w,o,r,l,d,-,c,u,p,-,2,0,2,3,-,l,i,v,e,-,s,c,o,r,e,-,u,p,d,a,t,e,s,-,f,r,o,m,-,a,h,m,e,d,a,b,a,d,/,a,m,p,_,l,i,v,e,b,l,o,g,/,1,0,4,4,1,4,7,1,0,.,c,m,s
h,t,t,p,s,:,/,/,t,i,m,e,s,o,f,i,n,d,i,a,.,i,n,d,i,a,t,i,m,e,s,.,c,o,m,/,w,o,r,l,d,/,m,i,d,d,l,e,-,e,a,s,t,/,i,s,r,a,e,l,-,h,a,m,a,s,-,w,a,r,-,n,e,w,s,-,l,i,v,e,-,u,p,d,a,t,e,s,-,o,p,e,r,a,t,i,o,n,-,a,j,a,y,-,i,n,d,i,a,n,-,e,m,b,a,s,s,y,-,p,a,l,e,s,t,i,n,e,-,c,o,n,f,l,i,c,t,-,g,a,z,a,-,a,i,r,-,s,t,r,i,k,e,s,-,b,o,m,b,i,n,g,s,-,d,e,a,t,h,-,t,o,l,l,-,o,c,t,o,b,e,r,-,1,3,/,l,i,v,e,b,l,o,g,/,1,0,4,3,8,5,3,9,6,.,c,m,s
h,t,t,p,s,:,/,/,t,i,m,e,s,o,f,i,n,d,i,a,.,i,n,d,i,a,t,i,m,e,s,.,c,o,m,/,i,n,d,i,a,/,f,i,r,s,t,-,c,h,a,r,t,e,r,-,f,l,i,g,h,t,-,c,a,r,r,y,i,n,g,-,2,1,2,-,i,n,d,i,a,n,s,-,d,e,p,a,r,t,s,-,f,r,o,m,-,i,s,r,a,e,l,s,-,b,e,n,-,g,u,r,i,o,n,-,a,i,r,p,o,r,t,/,a,r,t,i,c,l,e,s,h,o,w,/,1,0,4,3,8,1,6,4,2,.,c,m,s
h,t,t,p,s,:,/,/,t,i,m,e,s,o,f,i,n,d,i,a,.,i,n,d,i,a,t,i,m,e,s,.,c,o,m,/,i,n,d,i,a,/,p,2,0,-,s,u,m,m,i,t,-,2,0,2,3,-,l,i,v,e,-,u,p,d,a,t,e,s,-,p,m,-,m,o,d,i,-,9,t,h,-,g,2,0,-,p,a,r,l,i,a,m,e,n,t,a,r,y,-,s,p,e,a,k,e,r,s,-,s,u,m,m,i,t,-,i,n,-,d,e,l,h,i,/,l,i,v,e,b,l,o,g,/,1,0,4,3,8,5,8,9,1,.,c,m,s
h,t,t,p,s,:,/,/,t,i,m,e,s,o,f,i,n,d,i,a,.,i,n,d,i,a,t,i,m,e,s,.,c,o,m,/,c,i,t,y,/,k,o,z,h,i,k,o,d,e,/,n,o,t,e,d,-,f,i,l,m,-,p,r,o,d,u,c,e,r,-,p,-,v,-,g,a,n,g,a,d,h,a,r,a,n,-,p,a,s,s,e,s,-,a,w,a,y,/,a,r,t,i,c,l,e,s,h,o,w,/,1,0,4,3,9,1,2,8,9,.,c,m,s
h,t,t,p,s,:,/,/,t,i,m,e,s,o,f,i,n,d,i,a,.,i,n,d,i,a,t,i,m,e,s,.,c,o,m,/,c,i,t,y,/,k,o,c,h,i,/,4,4,-,k,e,r,a,l,a,-,p,i,l,g,r,i,m,s,-,s,t,u,c,k,-,i,n,-,i,s,r,a,e,l,/,a,r,t,i,c,l,e,s,h,o,w,/,1,0,4,3,5,9,7,7,4,.,c,m,s
h,t,t,p,s,:,/,/,t,i,m,e,s,o,f,i,n,d,i,a,.,i,n,d,i,a,t,i,m,e,s,.,c,o,m,/,w,o,r,l,d,/,m,i,d,d,l,e,-,e,a,s,t,/,i,s,r,a,e,l,-,a,t,t,a,c,k,-,w,a,s,-,p,l,a,n,n,e,d,-,f,o,r,-,2,-,y,e,a,r,s,-,a,n,d,-,l,e,s,s,-,t,h,a,n,-,f,i,v,e,-,l,e,a,d,e,r,s,-,k,n,e,w,-,a,b,o,u,t,-,i,t,-,s,e,n,i,o,r,-,h,a,m,a,s,-,o,f,f,i,c,i,a,l,/,a,r,t,i,c,l,e,s,h,o,w,/,1,0,4,3,5,8,0,2,1,.,c,m,s
h,t,t,p,s,:,/,/,t,i,m,e,s,o,f,i,n,d,i,a,.,i,n,d,i,a,t,i,m,e,s,.,c,o,m,/,c,i,t,y,/,d,e,l,h,i,/,a,l,l,o,w,-,p,a,s,s,e,n,g,e,r,s,-,t,o,-,c,a,r,r,y,-,m,a,x,-,o,n,e,-,l,i,q,u,o,r,-,b,o,t,t,l,e,-,d,e,l,h,i,-,g,o,v,t,-,t,o,-,d,m,r,c,/,a,r,t,i,c,l,e,s,h,o,w,/,1,0,4,3,8,5,9,2,4,.,c,m,s,?,f,r,o,m,=,m,d,r
h,t,t,p,s,:,/,/,t,i,m,e,s,o,f,i,n,d,i,a,.,i,n,d,i,a,t,i,m,e,s,.,c,o,m,/,i,n,d,i,a,/,w,h,y,-,i,n,d,i,a,-,t,o,o,k,-,a,-,s,i,d,e,-,i,n,-,t,h,e,-,i,s,r,a,e,l,-,h,a,m,a,s,-,w,a,r,/,a,r,t,i,c,l,e,s,h,o,w,/,1,0,4,3,3,0,1,4,0,.,c,m,s
h,t,t,p,s,:,/,/,t,i,m,e,s,o,f,i,n,d,i,a,.,i,n,d,i,a,t,i,m,e,s,.,c,o,m,/,i,n,d,i,a,/,w,h,y,-,i,s,r,a,e,l,i,s,-,a,n,d,-,p,a,l,e,s,t,i,n,i,a,n,s,-,h,a,v,e,-,b,e,e,n,-,f,i,g,h,t,i,n,g,-,f,o,r,-,o,v,e,r,-,a,-,c,e,n,t,u,r,y,/,a,r,t,i,c,l,e,s,h,o,w,/,1,0,4,3,1,3,1,6,5,.,c,m,s
h,t,t,p,s,:,/,/,t,i,m,e,s,o,f,i,n,d,i,a,.,i,n,d,i,a,t,i,m,e,s,.,c,o,m,/,i,n,d,i,a,/,e,x,p,l,a,i,n,e,r,-,a,-,w,a,t,e,r,-,w,a,r,-,b,e,t,w,e,e,n,-,p,u,n,j,a,b,-,a,n,d,-,h,a,r,y,a,n,a,/,a,r,t,i,c,l,e,s,h,o,w,/,1,0,4,2,7,3,5,8,4,.,c,m,s
h,t,t,p,s,:,/,/,t,i,m,e,s,o,f,i,n,d,i,a,.,i,n,d,i,a,t,i,m,e,s,.,c,o,m,/,i,n,d,i,a,/,e,x,p,l,a,i,n,e,r,-,w,h,y,-,c,o,n,g,r,e,s,s,-,i,s,-,p,u,s,h,i,n,g,-,f,o,r,-,m,o,r,e,-,c,a,s,t,e,-,s,u,r,v,e,y,s,/,a,r,t,i,c,l,e,s,h,o,w,/,1,0,4,2,7,2,9,9,1,.,c,m,s
h,t,t,p,s,:,/,/,t,i,m,e,s,o,f,i,n,d,i,a,.,i,n,d,i,a,t,i,m,e,s,.,c,o,m,/,l,i,f,e,-,s,t,y,l,e,/,h,e,a,l,t,h,-,f,i,t,n,e,s,s,/,h,e,a,l,t,h,-,n,e,w,s,/,7,-,s,i,g,n,s,-,t,h,a,t,-,i,n,d,i,c,a,t,e,-,e,x,t,r,e,m,e,l,y,-,l,o,w,-,v,i,t,a,m,i,n,-,b,1,2,-,i,n,-,t,h,e,-,b,o,d,y,/,p,h,o,t,o,s,t,o,r,y,/,1,0,4,2,5,2,1,7,7,.,c,m,s
h,t,t,p,s,:,/,/,t,i,m,e,s,o,f,i,n,d,i,a,.,i,n,d,i,a,t,i,m,e,s,.,c,o,m,/,l,i,f,e,-,s,t,y,l,e,/,h,e,a,l,t,h,-,f,i,t,n,e,s,s,/,h,e,a,l,t,h,-,n,e,w,s,/,p,r,o,v,e,n,-,c,a,n,c,e,r,-,c,a,u,s,i,n,g,-,f,o,o,d,s,-,a,n,d,-,i,t,e,m,s,-,o,n,-,y,o,u,r,-,k,i,t,c,h,e,n,-,c,o,u,n,t,e,r,/,p,h,o,t,o,s,t,o,r,y,/,1,0,4,2,3,0,3,5,7,.,c,m,s
h,t,t,p,s,:,/,/,t,i,m,e,s,o,f,i,n,d,i,a,.,i,n,d,i,a,t,i,m,e,s,.,c,o,m,/,l,i,f,e,-,s,t,y,l,e,/,h,e,a,l,t,h,-,f,i,t,n,e,s,s,/,h,e,a,l,t,h,-,n,e,w,s,/,s,i,n,g,a,p,o,r,e,-,f,a,c,e,s,-,n,e,w,-,c,o,v,i,d,-,1,9,-,w,a,v,e,-,a,l,l,-,a,b,o,u,t,-,i,t,-,h,e,r,e,/,p,h,o,t,o,s,t,o,r,y,/,1,0,4,2,3,1,8,3,7,.,c,m,s
h,t,t,p,s,:,/,/,t,i,m,e,s,o,f,i,n,d,i,a,.,i,n,d,i,a,t,i,m,e,s,.,c,o,m,/,g,a,d,g,e,t,s,-,n,e,w,s,/,e,x,p,l,a,i,n,e,d,-,h,e,a,l,t,h,-,a,n,d,-,f,i,t,n,e,s,s,-,f,e,a,t,u,r,e,s,-,o,n,-,p,i,x,e,l,-,w,a,t,c,h,-,2,/,a,r,t,i,c,l,e,s,h,o,w,/,1,0,4,1,9,4,8,1,2,.,c,m,s
h,t,t,p,s,:,/,/,t,i,m,e,s,o,f,i,n,d,i,a,.,i,n,d,i,a,t,i,m,e,s,.,c,o,m,/,g,a,d,g,e,t,s,-,n,e,w,s,/,e,x,p,l,a,i,n,e,d,-,h,e,a,l,t,h,-,a,n,d,-,p,r,i,v,a,c,y,-,r,e,l,a,t,e,d,-,f,e,a,t,u,r,e,s,-,i,n,-,a,n,d,r,o,i,d,-,1,4,/,a,r,t,i,c,l,e,s,h,o,w,/,1,0,4,1,8,8,5,5,8,.,c,m,s
h,t,t,p,s,:,/,/,t,i,m,e,s,o,f,i,n,d,i,a,.,i,n,d,i,a,t,i,m,e,s,.,c,o,m,/,l,i,f,e,-,s,t,y,l,e,/,h,e,a,l,t,h,-,f,i,t,n,e,s,s,/,h,e,a,l,t,h,-,n,e,w,s,/,w,o,m,a,n,s,-,s,c,a,l,p,-,b,l,e,e,d,s,-,e,v,e,r,y,-,t,i,m,e,-,s,h,e,-,s,h,o,w,e,r,s,-,t,h,e,-,r,e,a,s,o,n,-,w,i,l,l,-,s,h,o,c,k,-,y,o,u,/,p,h,o,t,o,s,t,o,r,y,/,1,0,4,1,8,2,9,9,8,.,c,m,s
h,t,t,p,s,:,/,/,t,i,m,e,s,o,f,i,n,d,i,a,.,i,n,d,i,a,t,i,m,e,s,.,c,o,m,/
h,t,t,p,s,:,/,/,w,w,w,.,t,i,m,e,s,i,n,t,e,r,n,e,t,.,i,n
h,t,t,p,s,:,/,/,a,d,s,.,c,o,l,o,m,b,i,a,o,n,l,i,n,e,.,c,o,m,/,e,x,p,r,e,s,s,o,/,s,e,l,f,s,e,r,v,i,c,e,/,l,o,g,i,n,S,e,l,f,S,e,r,v,i,c,e,.,h,t,m
h,t,t,p,s,:,/,/,w,w,w,.,i,n,d,i,a,t,i,m,e,s,.,c,o,m,/,t,e,r,m,s,a,n,d,c,o,n,d,i,t,i,o,n
h,t,t,p,s,:,/,/,t,i,m,e,s,o,f,i,n,d,i,a,.,i,n,d,i,a,t,i,m,e,s,.,c,o,m,/,p,r,i,v,a,c,y,-,p,o,l,i,c,y,/,c,o,o,k,i,e,p,o,l,i,c,y,/,8,0,2,4,5,2,6,6,.,c,m,s
h,t,t,p,s,:,/,/,t,i,m,e,s,i,n,t,e,r,n,e,t,.,i,n,/,a,d,v,e,r,t,i,s,e,/,m,a,r,k,e,t,i,n,g
h,t,t,p,s,:,/,/,t,i,m,e,s,o,f,i,n,d,i,a,.,i,n,d,i,a,t,i,m,e,s,.,c,o,m,/,r,s,s,.,c,m,s
h,t,t,p,s,:,/,/,t,i,m,e,s,o,f,i,n,d,i,a,.,i,n,d,i,a,t,i,m,e,s,.,c,o,m,/,n,e,w,s,l,e,t,t,e,r,h,o,m,e,.,c,m,s
h,t,t,p,s,:,/,/,t,i,m,e,s,o,f,i,n,d,i,a,.,i,n,d,i,a,t,i,m,e,s,.,c,o,m,/,f,e,e,d,b,a,c,k,.,c,m,s
h,t,t,p,s,:,/,/,e,p,a,p,e,r,.,t,i,m,e,s,g,r,o,u,p,.,c,o,m,/,T,O,I,/,T,i,m,e,s,O,f,I,n,d,i,a,/,i,n,d,e,x,.,h,t,m,l,?,a,=,c
h,t,t,p,s,:,/,/,t,i,m,e,s,o,f,i,n,d,i,a,.,i,n,d,i,a,t,i,m,e,s,.,c,o,m,/,s,i,t,e,m,a,p,.,c,m,s
h,t,t,p,s,:,/,/,t,i,m,e,s,o,f,i,n,d,i,a,.,i,n,d,i,a,t,i,m,e,s,.,c,o,m,/,a,r,c,h,i,v,e,.,c,m,s
h,t,t,p,s,:,/,/,w,w,w,.,f,a,c,e,b,o,o,k,.,c,o,m,/,T,i,m,e,s,o,f,I,n,d,i,a,/
h,t,t,p,s,:,/,/,t,w,i,t,t,e,r,.,c,o,m,/,t,i,m,e,s,o,f,i,n,d,i,a
h,t,t,p,s,:,/,/,t,i,m,e,s,o,f,i,n,d,i,a,.,i,n,d,i,a,t,i,m,e,s,.,c,o,m,/,r,s,s,.,c,m,s
h,t,t,p,s,:,/,/,w,w,w,.,y,o,u,t,u,b,e,.,c,o,m,/,t,i,m,e,s,o,f,i,n,d,i,a
h,t,t,p,s,:,/,/,w,w,w,.,i,n,s,t,a,g,r,a,m,.,c,o,m,/,t,i,m,e,s,o,f,i,n,d,i,a,/
h,t,t,p,s,:,/,/,w,w,w,.,l,i,n,k,e,d,i,n,.,c,o,m,/,c,o,m,p,a,n,y,/,t,i,m,e,s,o,f,i,n,d,i,a,/
h,t,t,p,s,:,/,/,w,w,w,.,k,o,o,a,p,p,.,c,o,m,/,p,r,o,f,i,l,e,/,t,i,m,e,s,o,f,i,n,d,i,a
h,t,t,p,s,:,/,/,e,n,.,w,i,k,i,p,e,d,i,a,.,o,r,g,/,w,i,k,i,/,T,h,e,_,T,i,m,e,s,_,o,f,_,I,n,d,i,a
h,t,t,p,s,:,/,/,e,c,o,n,o,m,i,c,t,i,m,e,s,.,i,n,d,i,a,t,i,m,e,s,.,c,o,m
h,t,t,p,s,:,/,/,e,c,o,n,o,m,i,c,t,i,m,e,s,.,i,n,d,i,a,t,i,m,e,s,.,c,o,m,/,h,i,n,d,i
h,t,t,p,s,:,/,/,n,a,v,b,h,a,r,a,t,t,i,m,e,s,.,i,n,d,i,a,t,i,m,e,s,.,c,o,m
h,t,t,p,s,:,/,/,m,a,h,a,r,a,s,h,t,r,a,t,i,m,e,s,.,c,o,m,/
h,t,t,p,s,:,/,/,v,i,j,a,y,k,a,r,n,a,t,a,k,a,.,c,o,m,/
h,t,t,p,s,:,/,/,t,e,l,u,g,u,.,s,a,m,a,y,a,m,.,c,o,m,/
h,t,t,p,s,:,/,/,t,a,m,i,l,.,s,a,m,a,y,a,m,.,c,o,m,/
h,t,t,p,s,:,/,/,m,a,l,a,y,a,l,a,m,.,s,a,m,a,y,a,m,.,c,o,m,/
h,t,t,p,s,:,/,/,e,i,s,a,m,a,y,.,c,o,m
h,t,t,p,s,:,/,/,w,w,w,.,i,a,m,g,u,j,a,r,a,t,.,c,o,m,/
h,t,t,p,s,:,/,/,w,w,w,.,t,i,m,e,s,n,o,w,n,e,w,s,.,c,o,m,/
h,t,t,p,s,:,/,/,w,w,w,.,t,i,m,e,s,n,o,w,h,i,n,d,i,.,c,o,m,/
h,t,t,p,s,:,/,/,w,w,w,.,t,i,m,e,s,p,o,i,n,t,s,.,c,o,m,/,#,/,p,r,o,d,u,c,t,s,?,u,t,m,_,s,o,u,r,c,e,=,T,O,I,&,u,t,m,_,m,e,d,i,u,m,=,F,o,o,t,e,r,&,u,t,m,_,c,a,m,p,a,i,g,n,=,T,O,I,_,F,o,o,t,e,r
h,t,t,p,s,:,/,/,w,w,w,.,i,n,d,i,a,t,i,m,e,s,.,c,o,m,/
h,t,t,p,s,:,/,/,w,w,w,.,b,r,a,n,d,c,a,p,i,t,a,l,.,c,o,.,i,n,/
h,t,t,p,s,:,/,/,w,w,w,.,e,d,u,c,a,t,i,o,n,t,i,m,e,s,.,c,o,m,/
h,t,t,p,s,:,/,/,r,e,c,i,p,e,s,.,t,i,m,e,s,o,f,i,n,d,i,a,.,c,o,m,/,?,_,g,a,=,2,.,1,3,6,8,0,0,8,1,6,.,1,4,2,8,2,2,2,6,8,3,.,1,5,9,3,4,0,0,7,2,4,-,a,m,p,-,N,K,U,M,-,n,_,c,6,R,P,Y,3,I,f,y,9,M,K,Z,w,1,p,f,g,L,b,l,v,F,4,6,9,Y,K,I,u,r,B,F,W,M,V,A,L,1,s,u,-,e,d,v,e,8,E,2,r,J,u,4,y,h,m,C
h,t,t,p,s,:,/,/,w,w,w,.,m,i,s,s,k,y,r,a,.,c,o,m,/
h,t,t,p,s,:,/,/,t,i,m,e,s,o,f,i,n,d,i,a,.,i,n,d,i,a,t,i,m,e,s,.,c,o,m,/,h,o,m,e,/,h,e,a,d,l,i,n,e,s
h,t,t,p,s,:,/,/,t,i,m,e,s,o,f,i,n,d,i,a,.,i,n,d,i,a,t,i,m,e,s,.,c,o,m,/,s,p,o,r,t,s
h,t,t,p,s,:,/,/,t,i,m,e,s,o,f,i,n,d,i,a,.,i,n,d,i,a,t,i,m,e,s,.,c,o,m,/,b,u,s,i,n,e,s,s,/,i,n,d,i,a,-,b,u,s,i,n,e,s,s
h,t,t,p,s,:,/,/,t,i,m,e,s,o,f,i,n,d,i,a,.,i,n,d,i,a,t,i,m,e,s,.,c,o,m,/,i,n,d,i,a
h,t,t,p,s,:,/,/,t,i,m,e,s,o,f,i,n,d,i,a,.,i,n,d,i,a,t,i,m,e,s,.,c,o,m,/,w,o,r,l,d
h,t,t,p,s,:,/,/,t,i,m,e,s,o,f,i,n,d,i,a,.,i,n,d,i,a,t,i,m,e,s,.,c,o,m,/,e,n,t,e,r,t,a,i,n,m,e,n,t,/,h,i,n,d,i,/,b,o,l,l,y,w,o,o,d,/,n,e,w,s
h,t,t,p,s,:,/,/,t,i,m,e,s,o,f,i,n,d,i,a,.,i,n,d,i,a,t,i,m,e,s,.,c,o,m,/,l,i,f,e,-,s,t,y,l,e,/,h,e,a,l,t,h,-,f,i,t,n,e,s,s
h,t,t,p,s,:,/,/,t,i,m,e,s,o,f,i,n,d,i,a,.,i,n,d,i,a,t,i,m,e,s,.,c,o,m,/,t,v,/,h,i,n,d,i
h,t,t,p,s,:,/,/,p,h,o,t,o,g,a,l,l,e,r,y,.,i,n,d,i,a,t,i,m,e,s,.,c,o,m,/,c,e,l,e,b,s
h,t,t,p,s,:,/,/,t,i,m,e,s,o,f,i,n,d,i,a,.,i,n,d,i,a,t,i,m,e,s,.,c,o,m,/,l,i,f,e,-,s,t,y,l,e,/,r,e,l,a,t,i,o,n,s,h,i,p,s,/,w,o,r,k,/,d,a,i,l,y,-,c,a,r,e,e,r,-,h,o,r,o,s,c,o,p,e,-,1,3,t,h,-,o,c,t,o,b,e,r,-,2,0,2,3,/,a,r,t,i,c,l,e,s,h,o,w,/,1,0,4,3,8,5,8,1,6,.,c,m,s
h,t,t,p,s,:,/,/,t,i,m,e,s,o,f,i,n,d,i,a,.,i,n,d,i,a,t,i,m,e,s,.,c,o,m,/,e,t,i,m,e,s,/,t,r,e,n,d,i,n,g,/,s,o,l,a,r,-,e,c,l,i,p,s,e,-,2,0,2,3,-,w,h,e,n,-,i,s,-,s,u,r,y,a,-,g,r,a,h,a,n,-,i,n,-,o,c,t,o,b,e,r,-,2,0,2,3,-,d,a,t,e,-,t,i,m,e,-,i,n,-,i,n,d,i,a,-,w,h,e,r,e,-,a,n,d,-,h,o,w,-,t,o,-,w,a,t,c,h,-,a,n,n,u,l,a,r,-,s,o,l,a,r,-,e,c,l,i,p,s,e,/,a,r,t,i,c,l,e,s,h,o,w,/,1,0,4,3,6,6,6,1,7,.,c,m,s
h,t,t,p,s,:,/,/,t,i,m,e,s,o,f,i,n,d,i,a,.,i,n,d,i,a,t,i,m,e,s,.,c,o,m,/,e,n,t,e,r,t,a,i,n,m,e,n,t,/,b,e,n,g,a,l,i,/,w,e,b,-,s,t,o,r,i,e,s,/,r,a,s,h,m,i,k,a,-,m,a,n,d,a,n,n,a,-,i,n,s,p,i,r,e,d,-,s,a,r,e,e,s,-,t,o,-,c,o,p,y,-,t,h,i,s,-,d,u,r,g,a,-,p,u,j,a,/,p,h,o,t,o,s,t,o,r,y,/,1,0,4,3,1,4,9,6,2,.,c,m,s
h,t,t,p,s,:,/,/,t,i,m,e,s,o,f,i,n,d,i,a,.,i,n,d,i,a,t,i,m,e,s,.,c,o,m,/,l,i,f,e,-,s,t,y,l,e,/,h,e,a,l,t,h,-,f,i,t,n,e,s,s,/,h,e,a,l,t,h,-,n,e,w,s,/,w,e,i,g,h,t,l,o,s,s,-,s,t,e,a,d,y,-,s,t,a,t,e,-,c,a,r,d,i,o,v,a,s,c,u,l,a,r,-,e,x,e,r,c,i,s,e,-,c,a,n,-,g,i,v,e,-,g,u,a,r,e,n,t,e,e,d,-,r,e,s,u,l,t,/,p,h,o,t,o,s,t,o,r,y,/,1,0,4,3,5,0,0,7,3,.,c,m,s
h,t,t,p,s,:,/,/,t,i,m,e,s,o,f,i,n,d,i,a,.,i,n,d,i,a,t,i,m,e,s,.,c,o,m,/,l,i,f,e,-,s,t,y,l,e,/,f,a,s,h,i,o,n,/,c,e,l,e,b,-,s,t,y,l,e,/,m,e,g,h,a,n,-,m,a,r,k,l,e,-,e,l,e,v,a,t,e,s,-,t,h,e,-,p,o,w,e,r,-,b,l,a,z,e,r,-,a,-,l,u,x,e,-,n,e,w,-,y,o,r,k,-,c,i,t,y,-,s,t,a,t,e,m,e,n,t,/,a,r,t,i,c,l,e,s,h,o,w,/,1,0,4,3,6,3,9,5,3,.,c,m,s
h,t,t,p,s,:,/,/,t,i,m,e,s,o,f,i,n,d,i,a,.,i,n,d,i,a,t,i,m,e,s,.,c,o,m,/,l,i,f,e,-,s,t,y,l,e,/,r,e,l,a,t,i,o,n,s,h,i,p,s,/,l,o,v,e,-,s,e,x,/,3,-,b,i,g,-,s,i,g,n,s,-,y,o,u,r,-,h,u,s,b,a,n,d,-,i,s,-,c,h,e,a,t,i,n,g,-,o,n,-,y,o,u,-,w,i,t,h,-,a,-,c,o,-,w,o,r,k,e,r,/,p,h,o,t,o,s,t,o,r,y,/,1,0,4,3,8,5,2,9,7,.,c,m,s
h,t,t,p,s,:,/,/,t,i,m,e,s,o,f,i,n,d,i,a,.,i,n,d,i,a,t,i,m,e,s,.,c,o,m,/,l,i,f,e,-,s,t,y,l,e,/,h,o,m,e,-,g,a,r,d,e,n,/,w,e,b,-,s,t,o,r,i,e,s,/,8,-,b,e,n,e,f,i,t,s,-,o,f,-,s,n,a,k,e,-,p,l,a,n,t,-,t,h,a,t,-,m,a,k,e,-,i,t,-,a,-,b,l,e,s,s,i,n,g,-,f,o,r,-,h,o,m,e,s,/,p,h,o,t,o,s,t,o,r,y,/,1,0,4,3,7,1,5,9,4,.,c,m,s
h,t,t,p,s,:,/,/,t,i,m,e,s,o,f,i,n,d,i,a,.,i,n,d,i,a,t,i,m,e,s,.,c,o,m,/,e,n,t,e,r,t,a,i,n,m,e,n,t,/,p,u,n,j,a,b,i,/,w,e,b,-,s,t,o,r,i,e,s,/,j,a,s,m,i,n,-,b,h,a,s,i,n,-,r,a,d,i,a,t,e,s,-,e,l,e,g,a,n,c,e,-,i,n,-,t,r,a,d,i,t,i,o,n,a,l,-,a,t,t,i,r,e,/,p,h,o,t,o,s,t,o,r,y,/,1,0,4,3,5,1,1,1,7,.,c,m,s
h,t,t,p,s,:,/,/,t,i,m,e,s,o,f,i,n,d,i,a,.,i,n,d,i,a,t,i,m,e,s,.,c,o,m,/,l,i,f,e,-,s,t,y,l,e,/,f,a,s,h,i,o,n,/,w,e,b,-,s,t,o,r,i,e,s,/,1,0,-,w,e,d,d,i,n,g,-,f,a,s,h,i,o,n,-,t,r,e,n,d,s,-,w,h,i,c,h,-,a,r,e,-,h,u,g,e,-,i,n,-,p,a,k,i,s,t,a,n,/,p,h,o,t,o,s,t,o,r,y,/,1,0,4,3,6,3,3,6,4,.,c,m,s
h,t,t,p,s,:,/,/,t,i,m,e,s,o,f,i,n,d,i,a,.,i,n,d,i,a,t,i,m,e,s,.,c,o,m,/,t,v,/,w,e,b,-,s,t,o,r,i,e,s,/,t,a,m,i,l,/,e,e,r,a,m,a,n,a,-,r,o,j,a,v,e,-,2,-,a,c,t,r,e,s,s,-,s,w,a,t,h,i,-,k,o,n,d,e,s,-,s,t,u,n,n,i,n,g,-,l,o,o,k,s,/,p,h,o,t,o,s,t,o,r,y,/,1,0,4,3,7,5,4,4,9,.,c,m,s
h,t,t,p,s,:,/,/,t,i,m,e,s,o,f,i,n,d,i,a,.,i,n,d,i,a,t,i,m,e,s,.,c,o,m,/,w,o,r,l,d,/,m,i,d,d,l,e,-,e,a,s,t,/,i,s,r,a,e,l,-,h,a,m,a,s,-,w,a,r,-,n,e,w,s,-,l,i,v,e,-,u,p,d,a,t,e,s,-,o,p,e,r,a,t,i,o,n,-,a,j,a,y,-,i,n,d,i,a,n,-,e,m,b,a,s,s,y,-,p,a,l,e,s,t,i,n,e,-,c,o,n,f,l,i,c,t,-,g,a,z,a,-,a,i,r,-,s,t,r,i,k,e,s,-,b,o,m,b,i,n,g,s,-,d,e,a,t,h,-,t,o,l,l,-,o,c,t,o,b,e,r,-,1,3,/,l,i,v,e,b,l,o,g,/,1,0,4,3,8,5,3,9,6,.,c,m,s
h,t,t,p,s,:,/,/,t,i,m,e,s,o,f,i,n,d,i,a,.,i,n,d,i,a,t,i,m,e,s,.,c,o,m,/,i,n,d,i,a,/,f,i,r,s,t,-,c,h,a,r,t,e,r,-,f,l,i,g,h,t,-,c,a,r,r,y,i,n,g,-,2,1,2,-,i,n,d,i,a,n,s,-,d,e,p,a,r,t,s,-,f,r,o,m,-,i,s,r,a,e,l,s,-,b,e,n,-,g,u,r,i,o,n,-,a,i,r,p,o,r,t,/,a,r,t,i,c,l,e,s,h,o,w,/,1,0,4,3,8,1,6,4,2,.,c,m,s
h,t,t,p,s,:,/,/,t,i,m,e,s,o,f,i,n,d,i,a,.,i,n,d,i,a,t,i,m,e,s,.,c,o,m,/,s,p,o,r,t,s,/,c,r,i,c,k,e,t,/,i,n,d,i,a,-,v,s,-,p,a,k,i,s,t,a,n,-,i,c,c,-,w,o,r,l,d,-,c,u,p,-,2,0,2,3,-,l,i,v,e,-,s,c,o,r,e,-,u,p,d,a,t,e,s,-,f,r,o,m,-,a,h,m,e,d,a,b,a,d,/,l,i,v,e,b,l,o,g,/,1,0,4,4,1,4,7,1,0,.,c,m,s
h,t,t,p,s,:,/,/,t,i,m,e,s,o,f,i,n,d,i,a,.,i,n,d,i,a,t,i,m,e,s,.,c,o,m,/,i,n,d,i,a,/,p,2,0,-,s,u,m,m,i,t,-,2,0,2,3,-,l,i,v,e,-,u,p,d,a,t,e,s,-,p,m,-,m,o,d,i,-,9,t,h,-,g,2,0,-,p,a,r,l,i,a,m,e,n,t,a,r,y,-,s,p,e,a,k,e,r,s,-,s,u,m,m,i,t,-,i,n,-,d,e,l,h,i,/,l,i,v,e,b,l,o,g,/,1,0,4,3,8,5,8,9,1,.,c,m,s
h,t,t,p,s,:,/,/,t,i,m,e,s,o,f,i,n,d,i,a,.,i,n,d,i,a,t,i,m,e,s,.,c,o,m,/,s,p,o,r,t,s,/,c,r,i,c,k,e,t,/,i,c,c,-,w,o,r,l,d,-,c,u,p,/,n,e,w,s,/,i,n,d,i,a,-,v,s,-,p,a,k,i,s,t,a,n,-,a,h,m,e,d,a,b,a,d,-,w,e,a,t,h,e,r,-,w,h,a,t,-,i,s,-,i,m,d,s,-,f,o,r,e,c,a,s,t,-,f,o,r,-,t,h,e,-,m,a,t,c,h,-,d,a,y,/,a,r,t,i,c,l,e,s,h,o,w,/,1,0,4,4,0,4,2,9,9,.,c,m,s
h,t,t,p,s,:,/,/,t,i,m,e,s,o,f,i,n,d,i,a,.,i,n,d,i,a,t,i,m,e,s,.,c,o,m,/,w,o,r,l,d,/,m,i,d,d,l,e,-,e,a,s,t,/,h,a,m,a,s,-,i,s,r,a,e,l,-,w,a,r,-,i,s,r,a,e,l,-,h,a,m,a,s,-,c,o,n,f,l,i,c,t,-,i,s,r,a,e,l,-,g,r,o,u,n,d,-,a,t,t,a,c,k,-,o,n,-,g,a,z,a,-,s,t,r,i,p,/,a,r,t,i,c,l,e,s,h,o,w,/,1,0,4,3,3,4,0,9,1,.,c,m,s
h,t,t,p,s,:,/,/,t,i,m,e,s,o,f,i,n,d,i,a,.,i,n,d,i,a,t,i,m,e,s,.,c,o,m,/,c,i,t,y,/,k,o,z,h,i,k,o,d,e,/,n,o,t,e,d,-,f,i,l,m,-,p,r,o,d,u,c,e,r,-,p,-,v,-,g,a,n,g,a,d,h,a,r,a,n,-,p,a,s,s,e,s,-,a,w,a,y,/,a,r,t,i,c,l,e,s,h,o,w,/,1,0,4,3,9,1,2,8,9,.,c,m,s
h,t,t,p,s,:,/,/,t,i,m,e,s,o,f,i,n,d,i,a,.,i,n,d,i,a,t,i,m,e,s,.,c,o,m,/,w,o,r,l,d,/,m,i,d,d,l,e,-,e,a,s,t,/,i,s,r,a,e,l,-,a,t,t,a,c,k,-,w,a,s,-,p,l,a,n,n,e,d,-,f,o,r,-,2,-,y,e,a,r,s,-,a,n,d,-,l,e,s,s,-,t,h,a,n,-,f,i,v,e,-,l,e,a,d,e,r,s,-,k,n,e,w,-,a,b,o,u,t,-,i,t,-,s,e,n,i,o,r,-,h,a,m,a,s,-,o,f,f,i,c,i,a,l,/,a,r,t,i,c,l,e,s,h,o,w,/,1,0,4,3,5,8,0,2,1,.,c,m,s
h,t,t,p,s,:,/,/,t,i,m,e,s,o,f,i,n,d,i,a,.,i,n,d,i,a,t,i,m,e,s,.,c,o,m,/,c,i,t,y,/,c,h,e,n,n,a,i,/,b,a,n,k,-,f,r,a,u,d,s,-,g,e,t,-,c,r,e,a,t,i,v,e,-,b,y,p,a,s,s,-,o,t,p,-,r,e,q,u,i,r,e,m,e,n,t,/,a,r,t,i,c,l,e,s,h,o,w,/,1,0,4,3,8,5,8,5,1,.,c,m,s
h,t,t,p,s,:,/,/,t,i,m,e,s,o,f,i,n,d,i,a,.,i,n,d,i,a,t,i,m,e,s,.,c,o,m,/,i,n,d,i,a,/,c,a,n,a,d,a,-,i,n,d,i,a,-,v,i,s,a,-,i,m,p,a,s,s,e,-,p,u,t,s,-,f,l,y,e,r,s,-,w,i,t,h,-,t,i,c,k,e,t,s,-,i,n,-,f,i,x,/,a,r,t,i,c,l,e,s,h,o,w,/,1,0,4,3,8,1,7,5,4,.,c,m,s
h,t,t,p,s,:,/,/,t,i,m,e,s,o,f,i,n,d,i,a,.,i,n,d,i,a,t,i,m,e,s,.,c,o,m,/,c,i,t,y,/,d,e,l,h,i,/,a,l,l,o,w,-,p,a,s,s,e,n,g,e,r,s,-,t,o,-,c,a,r,r,y,-,m,a,x,-,o,n,e,-,l,i,q,u,o,r,-,b,o,t,t,l,e,-,d,e,l,h,i,-,g,o,v,t,-,t,o,-,d,m,r,c,/,a,r,t,i,c,l,e,s,h,o,w,/,1,0,4,3,8,5,9,2,4,.,c,m,s,?,f,r,o,m,=,m,d,r
h,t,t,p,s,:,/,/,t,i,m,e,s,o,f,i,n,d,i,a,.,i,n,d,i,a,t,i,m,e,s,.,c,o,m,/,i,n,d,i,a,/,c,h,h,a,t,t,i,s,g,a,r,h,-,e,l,e,c,t,i,o,n,-,d,a,t,e,s,-,2,0,2,3,-,a,s,s,e,m,b,l,y,-,p,o,l,l,s,-,s,c,h,e,d,u,l,e,-,v,o,t,i,n,g,-,r,e,s,u,l,t,s,-,n,o,m,i,n,a,t,i,o,n,s,/,a,r,t,i,c,l,e,s,h,o,w,/,1,0,4,2,7,4,8,0,8,.,c,m,s
h,t,t,p,s,:,/,/,t,i,m,e,s,o,f,i,n,d,i,a,.,i,n,d,i,a,t,i,m,e,s,.,c,o,m,/,i,n,d,i,a,/,t,e,l,a,n,g,a,n,a,-,e,l,e,c,t,i,o,n,-,d,a,t,e,s,-,2,0,2,3,-,t,s,-,a,s,s,e,m,b,l,y,-,e,l,e,c,t,i,o,n,-,s,c,h,e,d,u,l,e,-,p,o,l,l,i,n,g,-,r,e,s,u,l,t,s,-,n,o,m,i,n,a,t,i,o,n,s,/,a,r,t,i,c,l,e,s,h,o,w,/,1,0,4,2,7,4,7,5,8,.,c,m,s
h,t,t,p,s,:,/,/,t,i,m,e,s,o,f,i,n,d,i,a,.,i,n,d,i,a,t,i,m,e,s,.,c,o,m,/,i,n,d,i,a,/,m,a,d,h,y,a,-,p,r,a,d,e,s,h,-,e,l,e,c,t,i,o,n,-,d,a,t,e,s,-,2,0,2,3,-,m,p,-,a,s,s,e,m,b,l,y,-,e,l,e,c,t,i,o,n,-,s,c,h,e,d,u,l,e,-,p,o,l,l,i,n,g,-,r,e,s,u,l,t,s,-,n,o,m,i,n,a,t,i,o,n,s,/,a,r,t,i,c,l,e,s,h,o,w,/,1,0,4,2,7,8,0,7,9,.,c,m,s
h,t,t,p,s,:,/,/,t,i,m,e,s,o,f,i,n,d,i,a,.,i,n,d,i,a,t,i,m,e,s,.,c,o,m,/,i,n,d,i,a,/,r,a,j,a,s,t,h,a,n,-,e,l,e,c,t,i,o,n,-,d,a,t,e,s,-,2,0,2,3,-,s,c,h,e,d,u,l,e,-,p,o,l,l,i,n,g,-,r,e,s,u,l,t,s,-,n,o,m,i,n,a,t,i,o,n,s,-,f,o,r,-,r,a,j,a,s,t,h,a,n,-,a,s,s,e,m,b,l,y,-,p,o,l,l,s,/,a,r,t,i,c,l,e,s,h,o,w,/,1,0,4,2,7,4,4,0,8,.,c,m,s
h,t,t,p,s,:,/,/,t,i,m,e,s,o,f,i,n,d,i,a,.,i,n,d,i,a,t,i,m,e,s,.,c,o,m,/,s,p,o,r,t,s,/,c,r,i,c,k,e,t,/,i,c,c,-,c,r,i,c,k,e,t,-,w,o,r,l,d,-,c,u,p,-,2,0,2,3
h,t,t,p,s,:,/,/,t,i,m,e,s,o,f,i,n,d,i,a,.,i,n,d,i,a,t,i,m,e,s,.,c,o,m,/,s,p,o,r,t,s,/,c,r,i,c,k,e,t,/,i,c,c,-,c,r,i,c,k,e,t,-,w,o,r,l,d,-,c,u,p,-,2,0,2,3,/,p,o,i,n,t,s,-,t,a,b,l,e
h,t,t,p,s,:,/,/,t,i,m,e,s,o,f,i,n,d,i,a,.,i,n,d,i,a,t,i,m,e,s,.,c,o,m,/,s,p,o,r,t,s,/,c,r,i,c,k,e,t,/,i,c,c,-,c,r,i,c,k,e,t,-,w,o,r,l,d,-,c,u,p,-,2,0,2,3,/,s,c,h,e,d,u,l,e
h,t,t,p,s,:,/,/,t,i,m,e,s,o,f,i,n,d,i,a,.,i,n,d,i,a,t,i,m,e,s,.,c,o,m,/,e,n,t,e,r,t,a,i,n,m,e,n,t,/,h,i,n,d,i,/,m,o,v,i,e,-,r,e,v,i,e,w,s,/,d,h,a,k,-,d,h,a,k,/,m,o,v,i,e,-,r,e,v,i,e,w,/,1,0,4,3,8,0,5,9,3,.,c,m,s
h,t,t,p,s,:,/,/,t,i,m,e,s,o,f,i,n,d,i,a,.,i,n,d,i,a,t,i,m,e,s,.,c,o,m,/,l,i,f,e,-,s,t,y,l,e,/,h,e,a,l,t,h,-,f,i,t,n,e,s,s,/,w,e,i,g,h,t,-,l,o,s,s,/,3,0,3,0,3,0,-,r,u,l,e,-,f,o,r,-,e,f,f,e,c,t,i,v,e,-,w,e,i,g,h,t,-,l,o,s,s,/,p,h,o,t,o,s,t,o,r,y,/,1,0,4,3,7,0,6,8,1,.,c,m,s
h,t,t,p,s,:,/,/,t,i,m,e,s,o,f,i,n,d,i,a,.,i,n,d,i,a,t,i,m,e,s,.,c,o,m,/,e,n,t,e,r,t,a,i,n,m,e,n,t,/,h,i,n,d,i,/,b,o,l,l,y,w,o,o,d,/,n,e,w,s,/,s,a,m,-,b,a,h,a,d,u,r,-,t,e,a,s,e,r,-,v,i,c,k,y,-,k,a,u,s,h,a,l,-,l,o,o,k,s,-,u,n,r,e,c,o,g,n,i,s,a,b,l,e,-,a,s,-,p,o,w,e,r,f,u,l,-,s,a,m,-,m,a,n,e,k,s,h,a,w,-,s,a,n,y,a,-,m,a,l,h,o,t,r,a,-,f,a,t,i,m,a,-,s,a,n,a,-,s,h,a,i,k,h,-,s,h,i,n,e,-,w,a,t,c,h,/,a,r,t,i,c,l,e,s,h,o,w,/,1,0,4,3,9,3,7,4,6,.,c,m,s
h,t,t,p,s,:,/,/,t,i,m,e,s,o,f,i,n,d,i,a,.,i,n,d,i,a,t,i,m,e,s,.,c,o,m,/,l,i,f,e,-,s,t,y,l,e,/,h,e,a,l,t,h,-,f,i,t,n,e,s,s,/,d,e,-,s,t,r,e,s,s,/,h,o,w,-,b,e,i,n,g,-,s,i,l,e,n,t,-,f,o,r,-,o,n,e,-,h,o,u,r,-,d,a,i,l,y,-,c,a,n,-,c,h,a,n,g,e,-,y,o,u,r,-,l,i,f,e,-,a,n,d,-,i,m,p,r,o,v,e,-,h,e,a,l,t,h,/,p,h,o,t,o,s,t,o,r,y,/,1,0,4,3,7,2,2,8,5,.,c,m,s
h,t,t,p,s,:,/,/,t,i,m,e,s,o,f,i,n,d,i,a,.,i,n,d,i,a,t,i,m,e,s,.,c,o,m,/,l,i,f,e,-,s,t,y,l,e,/,f,a,s,h,i,o,n,/,w,e,b,-,s,t,o,r,i,e,s,/,1,0,-,r,e,a,l,-,p,a,k,i,s,t,a,n,i,-,b,r,i,d,e,s,-,w,h,o,-,s,t,u,n,n,e,d,-,o,n,-,t,h,e,i,r,-,w,e,d,d,i,n,g,-,d,a,y,/,p,h,o,t,o,s,t,o,r,y,/,1,0,4,3,8,7,8,5,4,.,c,m,s
h,t,t,p,s,:,/,/,t,i,m,e,s,o,f,i,n,d,i,a,.,i,n,d,i,a,t,i,m,e,s,.,c,o,m,/,e,n,t,e,r,t,a,i,n,m,e,n,t,/,m,a,l,a,y,a,l,a,m,/,m,o,v,i,e,s,/,n,e,w,s,/,m,a,l,a,y,a,l,a,m,-,f,i,l,m,-,p,r,o,d,u,c,e,r,-,p,v,-,g,a,n,g,a,d,h,a,r,a,n,-,p,a,s,s,e,s,-,a,w,a,y,/,a,r,t,i,c,l,e,s,h,o,w,/,1,0,4,3,9,1,5,8,2,.,c,m,s,?,f,r,o,m,=,m,d,r
h,t,t,p,s,:,/,/,t,i,m,e,s,o,f,i,n,d,i,a,.,i,n,d,i,a,t,i,m,e,s,.,c,o,m,/,e,n,t,e,r,t,a,i,n,m,e,n,t,/,h,i,n,d,i,/,b,o,l,l,y,w,o,o,d,/,n,e,w,s,/,j,a,n,h,v,i,-,k,a,p,o,o,r,-,l,a,u,g,h,s,-,a,n,d,-,h,i,d,e,s,-,h,e,r,-,f,a,c,e,-,a,s,-,s,h,e,-,g,e,t,s,-,s,p,o,t,t,e,d,-,o,u,t,s,i,d,e,-,r,u,m,o,u,r,e,d,-,b,o,y,f,r,i,e,n,d,-,s,h,i,k,h,a,r,-,p,a,h,a,r,i,y,a,s,-,h,o,u,s,e,/,a,r,t,i,c,l,e,s,h,o,w,/,1,0,4,3,8,1,7,7,2,.,c,m,s
h,t,t,p,s,:,/,/,t,i,m,e,s,o,f,i,n,d,i,a,.,i,n,d,i,a,t,i,m,e,s,.,c,o,m,/,e,n,t,e,r,t,a,i,n,m,e,n,t,/,h,i,n,d,i,/,b,o,l,l,y,w,o,o,d,/,n,e,w,s,/,a,k,s,h,a,y,-,k,u,m,a,r,-,a,v,o,i,d,s,-,d,i,s,c,u,s,s,i,n,g,-,p,o,l,i,t,i,c,s,-,w,i,t,h,-,w,i,f,e,-,t,w,i,n,k,l,e,-,k,h,a,n,n,a,-,m,y,-,w,i,f,e,s,-,t,h,i,n,k,i,n,g,-,i,s,-,d,i,f,f,e,r,e,n,t,-,t,h,a,n,-,m,i,n,e,/,a,r,t,i,c,l,e,s,h,o,w,/,1,0,4,3,8,5,4,4,2,.,c,m,s
h,t,t,p,s,:,/,/,t,i,m,e,s,o,f,i,n,d,i,a,.,i,n,d,i,a,t,i,m,e,s,.,c,o,m,/,e,n,t,e,r,t,a,i,n,m,e,n,t,/,h,i,n,d,i,/,b,o,l,l,y,w,o,o,d,/,n,e,w,s,/,a,m,i,t,a,b,h,-,b,a,c,h,c,h,a,n,-,u,n,v,e,i,l,s,-,n,e,w,-,l,o,o,k,-,f,r,o,m,-,p,r,a,b,h,a,s,-,a,n,d,-,d,e,e,p,i,k,a,-,p,a,d,u,k,o,n,e,-,k,a,l,k,i,-,2,8,9,8,-,a,d,-,t,h,a,n,k,s,-,f,a,n,s,-,f,o,r,-,t,h,e,i,r,-,l,o,v,e,/,a,r,t,i,c,l,e,s,h,o,w,/,1,0,4,3,8,6,3,3,1,.,c,m,s
h,t,t,p,s,:,/,/,t,i,m,e,s,o,f,i,n,d,i,a,.,i,n,d,i,a,t,i,m,e,s,.,c,o,m,/,e,n,t,e,r,t,a,i,n,m,e,n,t,/,h,i,n,d,i,/,b,o,l,l,y,w,o,o,d,/,n,e,w,s,/,h,r,i,t,h,i,k,-,r,o,s,h,a,n,s,-,g,i,r,l,f,r,i,e,n,d,-,s,a,b,a,-,a,z,a,d,-,r,e,a,c,t,s,-,t,o,-,n,e,t,i,z,e,n,s,-,t,r,o,l,l,i,n,g,-,h,e,r,-,r,a,m,p,-,w,a,l,k,/,a,r,t,i,c,l,e,s,h,o,w,/,1,0,4,3,8,7,2,8,3,.,c,m,s
h,t,t,p,s,:,/,/,t,i,m,e,s,o,f,i,n,d,i,a,.,i,n,d,i,a,t,i,m,e,s,.,c,o,m,/,e,n,t,e,r,t,a,i,n,m,e,n,t,/,t,a,m,i,l,/,w,e,b,-,s,t,o,r,i,e,s,/,p,o,o,j,a,-,h,e,g,d,e,s,-,s,t,u,n,n,i,n,g,-,w,h,i,t,e,-,e,n,s,e,m,b,l,e,/,p,h,o,t,o,s,t,o,r,y,/,1,0,4,3,7,3,8,1,0,.,c,m,s
h,t,t,p,s,:,/,/,t,i,m,e,s,o,f,i,n,d,i,a,.,i,n,d,i,a,t,i,m,e,s,.,c,o,m,/,e,n,t,e,r,t,a,i,n,m,e,n,t,/,m,a,l,a,y,a,l,a,m,/,w,e,b,-,s,t,o,r,i,e,s,/,c,h,i,c,-,o,u,t,f,i,t,s,-,t,o,-,s,t,e,a,l,-,f,r,o,m,-,k,h,u,f,i,y,a,-,a,c,t,r,e,s,s,-,w,a,m,i,q,a,-,g,a,b,b,i,/,p,h,o,t,o,s,t,o,r,y,/,1,0,4,3,7,3,6,4,4,.,c,m,s
h,t,t,p,s,:,/,/,t,i,m,e,s,o,f,i,n,d,i,a,.,i,n,d,i,a,t,i,m,e,s,.,c,o,m,/,l,i,f,e,-,s,t,y,l,e,/,h,e,a,l,t,h,-,f,i,t,n,e,s,s,/,h,e,a,l,t,h,-,n,e,w,s,/,i,s,-,c,o,v,i,d,-,b,a,c,k,-,1,0,-,r,e,c,e,n,t,-,d,e,v,e,l,o,p,m,e,n,t,s,-,t,o,-,k,n,o,w,/,p,h,o,t,o,s,t,o,r,y,/,1,0,4,3,8,9,9,7,8,.,c,m,s
h,t,t,p,s,:,/,/,t,i,m,e,s,o,f,i,n,d,i,a,.,i,n,d,i,a,t,i,m,e,s,.,c,o,m,/,l,i,f,e,-,s,t,y,l,e,/,h,e,a,l,t,h,-,f,i,t,n,e,s,s,/,h,e,a,l,t,h,-,n,e,w,s,/,s,t,r,o,k,e,-,r,i,s,k,-,f,a,c,t,o,r,s,-,y,o,u,-,m,i,g,h,t,-,n,o,t,-,b,e,-,a,w,a,r,e,-,o,f,/,p,h,o,t,o,s,t,o,r,y,/,1,0,4,3,9,4,4,1,8,.,c,m,s
h,t,t,p,s,:,/,/,t,i,m,e,s,o,f,i,n,d,i,a,.,i,n,d,i,a,t,i,m,e,s,.,c,o,m,/,e,n,t,e,r,t,a,i,n,m,e,n,t,/,h,i,n,d,i,/,b,o,l,l,y,w,o,o,d,/,n,e,w,s,/,a,r,j,u,n,-,k,a,p,o,o,r,-,h,a,s,-,e,n,d,e,d,-,h,i,s,-,r,u,m,o,u,r,e,d,-,c,o,l,d,-,w,a,r,-,w,i,t,h,-,s,a,l,m,a,n,-,k,h,a,n,-,a,n,d,-,h,i,s,-,l,a,t,e,s,t,-,p,o,s,t,-,i,s,-,p,r,o,o,f,/,a,r,t,i,c,l,e,s,h,o,w,/,1,0,4,3,5,7,9,2,3,.,c,m,s
h,t,t,p,s,:,/,/,t,i,m,e,s,o,f,i,n,d,i,a,.,i,n,d,i,a,t,i,m,e,s,.,c,o,m,/,e,n,t,e,r,t,a,i,n,m,e,n,t,/,h,i,n,d,i,/,b,o,l,l,y,w,o,o,d,/,n,e,w,s,/,t,a,m,a,n,n,a,a,h,-,b,h,a,t,i,a,-,l,o,o,k,s,-,u,n,r,e,c,o,g,n,i,z,a,b,l,e,-,i,n,-,a,-,t,h,r,o,w,b,a,c,k,-,v,i,d,e,o,-,f,r,o,m,-,2,0,0,5,-,w,h,e,n,-,s,h,e,-,w,a,s,-,p,r,e,p,p,i,n,g,-,f,o,r,-,1,0,t,h,-,s,t,a,n,d,a,r,d,-,e,x,a,m,s,/,a,r,t,i,c,l,e,s,h,o,w,/,1,0,4,3,5,6,1,6,1,.,c,m,s
h,t,t,p,s,:,/,/,t,i,m,e,s,o,f,i,n,d,i,a,.,i,n,d,i,a,t,i,m,e,s,.,c,o,m,/,g,a,d,g,e,t,s,-,n,e,w,s,/,v,i,v,o,-,y,5,5,s,-,b,u,d,g,e,t,-,s,m,a,r,t,p,h,o,n,e,-,t,i,p,p,e,d,-,t,o,-,l,a,u,n,c,h,-,o,n,-,t,h,i,s,-,d,a,t,e,-,i,m,a,g,e,s,-,a,n,d,-,s,p,e,c,s,-,l,e,a,k,e,d,/,a,r,t,i,c,l,e,s,h,o,w,/,8,7,9,8,1,5,3,0,.,c,m,s
h,t,t,p,s,:,/,/,t,i,m,e,s,o,f,i,n,d,i,a,.,i,n,d,i,a,t,i,m,e,s,.,c,o,m,/,m,o,s,t,-,s,e,a,r,c,h,e,d,-,p,r,o,d,u,c,t,s,/,e,l,e,c,t,r,o,n,i,c,s,/,l,a,p,t,o,p,s,/,b,u,y,-,l,a,p,t,o,p,s,-,u,n,d,e,r,-,3,0,0,0,0,-,t,h,a,t,-,a,r,e,-,i,n,e,x,p,e,n,s,i,v,e,-,b,u,t,-,h,i,g,h,l,y,-,r,a,t,e,d,-,b,y,-,e,x,p,e,r,t,s,/,a,r,t,i,c,l,e,s,h,o,w,/,7,1,1,8,4,1,3,3,.,c,m,s,?
h,t,t,p,s,:,/,/,t,i,m,e,s,o,f,i,n,d,i,a,.,i,n,d,i,a,t,i,m,e,s,.,c,o,m,/,m,o,s,t,-,s,e,a,r,c,h,e,d,-,p,r,o,d,u,c,t,s,/,e,l,e,c,t,r,o,n,i,c,s,/,m,i,s,c,e,l,l,a,n,e,o,u,s,/,w,i,f,i,-,r,o,u,t,e,r,s,-,w,i,t,h,-,a,-,s,i,m,-,c,a,r,d,-,s,l,o,t,-,b,e,s,t,-,p,i,c,k,s,-,f,o,r,-,s,e,a,m,l,e,s,s,-,i,n,t,e,r,n,e,t,-,c,o,n,n,e,c,t,i,o,n,/,a,r,t,i,c,l,e,s,h,o,w,/,8,6,8,1,1,7,0,5,.,c,m,s
h,t,t,p,s,:,/,/,t,i,m,e,s,o,f,i,n,d,i,a,.,i,n,d,i,a,t,i,m,e,s,.,c,o,m,/,m,o,s,t,-,s,e,a,r,c,h,e,d,-,p,r,o,d,u,c,t,s,/,e,l,e,c,t,r,o,n,i,c,s,/,t,a,b,l,e,t,s,/,b,e,s,t,-,t,a,b,l,e,t,s,-,u,n,d,e,r,-,r,s,-,1,5,0,0,0,-,w,i,t,h,-,d,e,c,e,n,t,-,f,e,a,t,u,r,e,s,-,a,n,d,-,p,e,r,f,o,r,m,a,n,c,e,/,a,r,t,i,c,l,e,s,h,o,w,/,8,5,1,7,6,7,2,5,.,c,m,s
h,t,t,p,s,:,/,/,t,i,m,e,s,o,f,i,n,d,i,a,.,i,n,d,i,a,t,i,m,e,s,.,c,o,m,/,v,i,r,a,l,-,n,e,w,s
h,t,t,p,s,:,/,/,t,i,m,e,s,o,f,i,n,d,i,a,.,i,n,d,i,a,t,i,m,e,s,.,c,o,m,/,v,i,d,e,o,s,/,v,i,r,a,l,-,v,i,d,e,o,s
h,t,t,p,s,:,/,/,w,w,w,.,f,e,m,i,n,a,.,i,n,/
h,t,t,p,s,:,/,/,t,i,m,e,s,o,f,i,n,d,i,a,.,i,n,d,i,a,t,i,m,e,s,.,c,o,m,/,e,t,i,m,e,s
h,t,t,p,s,:,/,/,w,w,w,.,g,r,a,z,i,a,.,c,o,.,i,n,/
h,t,t,p,s,:,/,/,w,w,w,.,z,o,o,m,t,v,e,n,t,e,r,t,a,i,n,m,e,n,t,.,c,o,m,/
h,t,t,p,s,:,/,/,t,i,m,e,s,o,f,i,n,d,i,a,.,i,n,d,i,a,t,i,m,e,s,.,c,o,m,/,t,r,a,v,e,l,/,d,e,s,t,i,n,a,t,i,o,n,s
h,t,t,p,s,:,/,/,w,w,w,.,b,o,m,b,a,y,t,i,m,e,s,.,c,o,m
h,t,t,p,s,:,/,/,c,r,i,c,b,u,z,z,.,c,o,m
h,t,t,p,s,:,/,/,w,w,w,.,f,i,l,m,f,a,r,e,.,c,o,m
h,t,t,p,s,:,/,/,t,i,m,e,s,o,f,i,n,d,i,a,.,i,n,d,i,a,t,i,m,e,s,.,c,o,m,/,t,v,/,h,i,n,d,i
h,t,t,p,s,:,/,/,t,i,m,e,s,o,f,i,n,d,i,a,.,i,n,d,i,a,t,i,m,e,s,.,c,o,m,/,l,i,f,e,-,s,t,y,l,e
h,t,t,p,s,:,/,/,l,o,n,g,w,a,l,k,s,.,o,n,e,l,i,n,k,.,m,e,/,O,z,W,N,/,l,o,n,g,w,a,l,k,s,a,p,p
h,t,t,p,s,:,/,/,s,u,b,s,c,r,i,b,e,.,t,i,m,e,s,g,r,o,u,p,.,c,o,m,/,s,u,b,s,c,r,i,p,t,i,o,n
h,t,t,p,s,:,/,/,t,i,m,e,s,o,f,i,n,d,i,a,.,i,n,d,i,a,t,i,m,e,s,.,c,o,m,/,l,i,f,e,-,s,t,y,l,e,/,f,o,o,d,-,n,e,w,s
h,t,t,p,s,:,/,/,w,w,w,.,t,i,m,e,s,p,r,i,m,e,.,c,o,m,?,u,t,m,_,s,o,u,r,c,e,=,T,O,I,_,S,i,t,e,s,&,a,m,p,;,u,t,m,_,m,e,d,i,u,m,=,e,t,&,a,m,p,;,u,t,m,_,c,a,m,p,a,i,g,n,=,f,o,o,t,e,r
h,t,t,p,s,:,/,/,w,w,w,.,w,h,a,t,s,h,o,t,.,i,n,/
h,t,t,p,s,:,/,/,w,w,w,.,c,o,u,p,o,n,d,u,n,i,a,.,i,n,/
h,t,t,p,s,:,/,/,w,w,w,.,m,a,g,i,c,b,r,i,c,k,s,.,c,o,m,/
h,t,t,p,s,:,/,/,w,w,w,.,t,e,c,h,g,i,g,.,c,o,m
h,t,t,p,s,:,/,/,w,w,w,.,t,i,m,e,s,j,o,b,s,.,c,o,m,/
h,t,t,p,s,:,/,/,p,l,a,y,.,g,o,o,g,l,e,.,c,o,m,/,s,t,o,r,e,/,a,p,p,s,/,d,e,t,a,i,l,s,?,i,d,=,i,n,.,t,i,l,.,p,o,p,k,o,r,n
h,t,t,p,s,:,/,/,w,w,w,.,t,i,m,e,s,m,o,b,i,l,e,.,i,n,/
h,t,t,p,s,:,/,/,w,w,w,.,g,a,d,g,e,t,s,n,o,w,.,c,o,m,/
h,t,t,p,s,:,/,/,c,a,r,e,e,r,s,.,t,i,m,e,s,g,r,o,u,p,.,c,o,m,/
h,t,t,p,s,:,/,/,w,w,w,.,c,o,l,o,m,b,i,a,o,n,l,i,n,e,.,c,o,m,/
